Country,Longitude,Latitude,Average_Tone
Afghanistan,65.0,33.0,-2.0
Afghanistan,69.9204,33.3395,-2.0
Algeria,3.0,28.0,-3.0
Algeria,5.83333,23.1667,1.0
Argentina,-64.1833,-31.4,-5.0
Armenia,45.0,40.0,0.0
Australia,115.8,-31.75,2.0
Australia,115.833,-31.9333,-3.0
Australia,121.991,-33.8323,1.0
Australia,138.572,-35.0284,5.0
Australia,138.6,-34.9333,0.0
Australia,139.479,-35.9569,2.0
Australia,140.838,-17.4888,-1.0
Australia,142.467,-10.7167,0.0
Australia,142.488,-38.3818,0.0
Australia,142.7,-37.0667,-3.0
Australia,142.983,-37.85,-3.0
Australia,144.967,-37.8167,0.0
Australia,145.94,-41.68,2.0
Australia,146.25,-22.0667,-2.0
Australia,146.8,-38.15,0.0
Australia,148.967,-21.6333,-6.0
Australia,149.217,-35.2833,0.0
Australia,150.417,-33.95,-2.0
Australia,150.5,-31.5,-1.0
Australia,151.067,-32.45,0.0
Australia,151.15,-33.8833,0.0
Australia,151.16,-23.6222,-4.0
Australia,151.16,-33.8485,0.0
Australia,151.217,-33.8833,-1.0
Australia,151.318,-33.6318,0.0
Australia,151.954,-27.5606,2.0
Australia,152.961,-26.8588,0.0
Australia,153.217,-27.75,-1.0
Bahrain,50.55,26.0,1.0
Belarus,30.2049,55.1904,5.0
Belgium,4.33333,50.8333,1.0
Belgium,4.91544,51.0905,-1.0
Belgium,5.69636,50.9674,-4.0
Belize,-88.7667,17.25,-2.0
Bhutan,90.5,27.5,3.0
Brazil,-38.15,-5.71667,-4.0
Brazil,-43.2333,-22.9,-3.0
Brazil,-44.2667,-2.51667,-5.0
Brazil,-45.8833,-23.1833,3.0
Brazil,-55.0,-10.0,0.0
Brazil,-60.0253,-3.11333,-6.0
Cambodia,103.013,11.3336,-6.0
Cambodia,104.181,10.6104,-4.0
Cambodia,104.917,11.55,0.0
Cambodia,105.0,13.75,-3.0
Cameroon,10.0,6.01667,-4.0
Cameroon,12.0,6.0,0.0
Canada,-110.683,50.0333,-2.0
Canada,-111.383,56.7333,0.0
Canada,-113.317,53.5167,-1.0
Canada,-114.083,51.0833,0.0
Canada,-114.767,47.75,6.0
Canada,-119.483,49.9,-2.0
Canada,-121.0,66.0,2.0
Canada,-121.917,53.9167,-1.0
Canada,-122.917,49.2167,-5.0
Canada,-123.15,49.7,2.0
Canada,-139.417,64.0667,0.0
Canada,-67.7167,46.8,0.0
Canada,-72.0,47.5,-1.0
Canada,-78.0,43.6667,-5.0
Canada,-79.5667,43.7,0.0
Canada,-80.0,43.8667,2.0
Canada,-84.0,74.25,3.0
Canada,-85.0,45.0,-2.0
Chad,19.0,15.0,-1.0
China,100.033,23.9,-1.0
China,105.48,35.1221,0.0
China,109.931,21.2562,-3.0
China,116.388,39.9289,0.0
China,116.492,28.8401,-4.0
China,123.0,46.95,-2.0
China,84.0833,33.3667,0.0
China,89.25,29.1667,2.0
China,97.2333,31.1667,-3.0
Colombia,-72.0,4.0,-3.0
Colombia,-74.199,11.2408,-3.0
Congo,15.0,-1.0,0.0
Congo,15.2847,-4.25917,-2.0
CostaRica,-83.3053,8.53627,3.0
Croatia,15.3181,44.5639,0.0
Cuba,-83.4833,22.4167,0.0
Cyprus,33.0,35.0,0.0
CzechRepublic,14.1303,50.5384,-3.0
CzechRepublic,14.3483,49.193,-2.0
DemocraticRepublicoftheCongo,15.315,-4.32972,-6.0
DemocraticRepublicoftheCongo,23.25,-6.26667,-5.0
Denmark,10.0,56.0,-2.0
Ecuador,-77.5,-2.0,0.0
Ecuador,-78.6,-0.55,-3.0
ElSalvador,-89.0,14.05,-4.0
Fiji,177.517,-18.1833,2.0
France,-0.066667,44.9833,1.0
France,1.24534,46.6273,-3.0
France,4.62754,48.9105,3.0
Gambia,-16.5775,13.4531,-2.0
Germany,13.0,47.6333,-3.0
Germany,13.3667,52.5167,-4.0
Germany,14.15,50.9167,0.0
Germany,14.55,52.35,3.0
Germany,6.41667,50.4333,-1.0
Germany,9.0,51.0,-1.0
Greece,23.7333,37.9833,-3.0
Grenada,-61.6667,12.1167,4.0
Haiti,-72.2869,18.4506,0.0
Honduras,-84.6833,15.8833,-2.0
HongKong,114.25,22.1667,1.0
Hungary,20.0,47.0,0.0
Iceland,-21.0,63.9333,2.0
Iceland,-21.95,64.15,3.0
India,65.0,20.0,-5.0
India,70.4667,21.5167,-5.0
India,70.9,26.4667,-3.0
India,71.25,26.1833,0.0
India,72.6167,23.0333,0.0
India,72.6833,23.2167,-4.0
India,72.9,19.0833,1.0
India,72.9,20.9667,-2.0
India,73.1,18.9833,-3.0
India,73.75,15.5333,0.0
India,73.8667,18.5333,-1.0
India,73.9167,15.2667,-6.0
India,74.0833,17.9,-1.0
India,74.75,13.35,0.0
India,74.8667,32.7333,0.0
India,75.0,17.4833,0.0
India,75.7833,12.9667,-2.0
India,76.0,13.5,-1.0
India,76.0333,28.7167,-2.0
India,76.2167,10.5167,-2.0
India,76.6333,11.6667,-1.0
India,76.6667,33.9167,-2.0
India,77.0,20.0,0.0
India,77.35,11.1,2.0
India,77.7333,11.35,-1.0
India,78.5,23.5,0.0
India,79.0333,23.5,0.0
India,79.25,30.25,0.0
India,79.3583,27.0529,-4.0
India,79.5,18.0,-1.0
India,80.2467,13.0156,0.0
India,80.75,27.25,2.0
India,81.1,16.7,-3.0
India,81.75,21.5,-4.0
India,83.7167,20.6167,-3.0
India,88.3697,22.5697,0.0
Indonesia,110.5,0.0,-3.0
Iran,56.5,27.75,-5.0
Ireland,-7.95,53.4333,-4.0
Ireland,-8.26028,52.7497,0.0
Ireland,-9.91667,53.4,-4.0
Israel,34.7667,32.0667,1.0
Israel,35.2333,31.7667,-2.0
Israel,35.5928,32.8072,1.0
Italy,12.8333,42.8333,0.0
Jamaica,-76.2106,17.9127,-2.0
Jamaica,-77.8333,17.0,-3.0
Japan,127.773,26.2872,-4.0
Japan,128.032,26.523,0.0
Japan,135.167,34.6833,0.0
Japan,141.3,38.4167,-1.0
Kenya,35.2699,0.520356,-7.0
Kenya,36.8167,-1.28333,-2.0
Kenya,36.8333,-1.23333,0.0
Kenya,36.85,-1.28333,1.0
Kenya,37.5965,-2.15648,0.0
Kenya,37.6463,0.608963,-1.0
Kenya,39.6799,-4.06253,0.0
Kenya,39.6981,-4.05291,1.0
Laos,105.0,18.0,-2.0
Latvia,24.1,56.95,-1.0
Lebanon,36.0797,34.5428,-3.0
Liberia,-9.5,6.5,1.0
Malawi,33.7833,-13.9833,-4.0
Malaysia,102.401,4.3831,-1.0
Maldives,72.9667,3.78333,6.0
Malta,14.3853,35.9056,-3.0
Malta,14.5147,35.8997,1.0
Mexico,-102.0,23.0,-1.0
Mexico,-106.483,31.7333,0.0
Mongolia,106.917,47.9167,0.0
Morocco,-5.0,32.0,-5.0
Mozambique,34.0728,-18.6756,0.0
Myanmar,95.9833,21.8667,1.0
Namibia,15.6833,-17.7833,0.0
Namibia,22.5667,-17.8,-6.0
Nepal,84.0,28.0,-1.0
Netherlands,4.91667,52.35,-1.0
NewZealand,-176.217,-44.2333,-5.0
NewZealand,-177.917,-29.2667,6.0
NewZealand,169.5,-45.25,6.0
NewZealand,172.617,-41.7667,0.0
NewZealand,172.833,-40.6667,2.0
NewZealand,172.867,-40.5167,2.0
NewZealand,174.783,-41.3,0.0
NewZealand,174.794,-36.5067,-1.0
NewZealand,175.333,-40.3333,1.0
NewZealand,175.467,-41.2167,2.0
Niger,8.0,16.0,-5.0
Nigeria,12.3167,9.38333,-4.0
Nigeria,3.39194,6.45444,-5.0
Nigeria,3.39583,6.45306,-3.0
Nigeria,6.63333,12.55,0.0
Nigeria,6.83333,4.75,3.0
Nigeria,8.829,5.6088,0.0
Norway,10.75,59.9167,-1.0
Oceans,35.0,43.0,-3.0
Oman,57.5,23.1667,1.0
Pakistan,69.1937,25.386,-2.0
Pakistan,70.0,30.0,-1.0
Pakistan,72.2407,33.8928,1.0
Pakistan,73.9042,32.6577,0.0
Pakistan,74.3436,31.5497,-1.0
Palau,134.5,7.5,0.0
Panama,-79.9167,9.33333,-2.0
Panama,-80.0,9.0,-1.0
PapuaNewGuinea,150.454,-10.3076,0.0
PapuaNewGuinea,152.5,-10.0,1.0
Peru,-75.4172,-11.7899,-4.0
Peru,-77.05,-12.05,-2.0
Philippines,120.36,16.0111,5.0
Philippines,120.483,13.4333,0.0
Philippines,120.567,15.3333,0.0
Philippines,120.982,14.6042,-1.0
Philippines,121.083,14.5833,3.0
Philippines,121.141,13.8055,1.0
Philippines,122.0,13.0,2.0
Philippines,122.361,11.0569,2.0
Philippines,124.882,7.21212,-5.0
Poland,18.68,53.2304,0.0
Russia,41.4433,52.7317,-6.0
Russia,53.0431,67.6418,0.0
Russia,53.5667,58.0167,-1.0
Rwanda,29.9336,-1.4746,0.0
SaoTomeandPrincipe,6.73333,0.333333,-5.0
SaudiArabia,45.0,25.0,-1.0
Serbia,21.6714,43.0028,0.0
Seychelles,55.6667,-4.5833,4.0
Somalia,45.3667,2.06667,-6.0
SouthAfrica,18.4608,-33.958,-1.0
SouthAfrica,18.8668,-33.9346,0.0
SouthAfrica,27.9667,-26.05,-4.0
SouthAfrica,31.5,-23.8333,-2.0
SouthAfrica,31.534,-27.8818,-4.0
SouthAfrica,31.5857,-24.9895,-5.0
SouthAfrica,32.1694,-28.4901,3.0
SouthKorea,127.5,37.0,0.0
Spain,-15.5,28.0,2.0
Spain,-2.56335,39.7775,-2.0
Spain,-3.68333,40.4,-3.0
Spain,-4.0,40.0,0.0
SriLanka,79.7947,7.6126,-4.0
SriLanka,79.8855,6.7857,0.0
SriLanka,80.6383,7.2933,-3.0
Sudan,30.0,15.0,-2.0
Suriname,-55.1667,5.83333,0.0
Svalbard,11.6333,79.85,0.0
Sweden,18.05,59.3333,1.0
Switzerland,6.54199,46.4443,1.0
Switzerland,7.46667,46.9167,0.0
Syria,38.0,35.0,-2.0
Taiwan,121.502,25.2585,1.0
Tanzania,35.0,-6.0,0.0
Tanzania,36.0,-2.41667,0.0
Tanzania,36.5241,-7.42539,0.0
Tanzania,36.6833,-3.36667,-2.0
Tanzania,36.9152,-7.79199,2.0
Thailand,101.167,13.9167,-2.0
Thailand,98.3833,7.83333,-2.0
TrinidadandTobago,-61.2799,10.0905,0.0
TrinidadandTobago,-61.6824,10.1782,0.0
Turkey,32.8611,39.9567,-1.0
Turkey,35.3289,37.0017,-4.0
Turkey,35.6592,38.7918,-8.0
Turkey,40.2189,37.9158,2.0
Turkey,41.8194,41.1822,0.0
Tuvalu,178.0,-8.0,-6.0
Uganda,32.9703,1.89833,0.0
Ukraine,30.7386,46.4639,5.0
Ukraine,34.1108,44.9572,-2.0
UnitedKingdom,-0.15,50.8333,-1.0
UnitedKingdom,-0.183333,51.1667,0.0
UnitedKingdom,-0.4,51.25,4.0
UnitedKingdom,-0.416667,51.0,3.0
UnitedKingdom,-0.466667,52.4833,2.0
UnitedKingdom,-2.45,50.5667,-6.0
UnitedKingdom,-2.5,55.0,-1.0
UnitedKingdom,-2.56667,50.6333,-6.0
UnitedKingdom,-2.9,55.5167,1.0
UnitedKingdom,-3.16667,54.5,-1.0
UnitedKingdom,-4.4,56.8,-2.0
UnitedKingdom,-5.5,55.9333,2.0
UnitedKingdom,-6.66667,54.35,-6.0
UnitedStates,-100.462,46.9583,1.0
UnitedStates,-101.032,32.7298,-5.0
UnitedStates,-101.292,39.4167,6.0
UnitedStates,-101.831,35.222,3.0
UnitedStates,-103.347,34.1773,3.0
UnitedStates,-104.951,39.7495,2.0
UnitedStates,-105.232,39.8911,-4.0
UnitedStates,-105.271,40.015,1.0
UnitedStates,-105.339,45.2908,-1.0
UnitedStates,-105.544,36.4386,-2.0
UnitedStates,-105.573,36.4072,0.0
UnitedStates,-105.851,37.725,-2.0
UnitedStates,-106.035,42.8725,0.0
UnitedStates,-106.367,35.8834,1.0
UnitedStates,-106.551,35.9,1.0
UnitedStates,-106.556,32.3262,-2.0
UnitedStates,-107.06,42.5069,3.0
UnitedStates,-107.209,42.7475,0.0
UnitedStates,-107.317,40.88,2.0
UnitedStates,-107.486,47.1008,0.0
UnitedStates,-108.384,32.7834,-3.0
UnitedStates,-108.551,39.0639,-2.0
UnitedStates,-108.987,40.5205,-1.0
UnitedStates,-109.343,37.8714,-1.0
UnitedStates,-109.868,37.63,1.0
UnitedStates,-109.883,32.7434,-1.0
UnitedStates,-110.453,33.3453,3.0
UnitedStates,-110.528,37.2261,-4.0
UnitedStates,-111.105,38.0258,-2.0
UnitedStates,-111.402,48.9308,0.0
UnitedStates,-111.658,35.19,1.0
UnitedStates,-112.139,36.0544,0.0
UnitedStates,-112.501,33.5,-1.0
UnitedStates,-112.653,39.2869,-1.0
UnitedStates,-114.045,41.6596,2.0
UnitedStates,-114.921,47.7538,1.0
UnitedStates,-115.311,35.3405,0.0
UnitedStates,-115.763,40.8324,3.0
UnitedStates,-116.313,34.1347,-4.0
UnitedStates,-116.78,47.6777,4.0
UnitedStates,-117.122,38.4199,0.0
UnitedStates,-117.152,32.7367,0.0
UnitedStates,-117.231,33.9375,-2.0
UnitedStates,-117.381,34.405,1.0
UnitedStates,-117.707,34.1023,-3.0
UnitedStates,-117.712,34.0972,0.0
UnitedStates,-117.768,33.7,-2.0
UnitedStates,-117.834,48.4332,0.0
UnitedStates,-118.068,47.9696,2.0
UnitedStates,-118.327,34.0983,0.0
UnitedStates,-118.36,34.1819,-4.0
UnitedStates,-118.367,35.6369,-1.0
UnitedStates,-118.37,34.2175,-1.0
UnitedStates,-118.377,37.3735,-3.0
UnitedStates,-118.491,34.0195,0.0
UnitedStates,-118.526,34.2747,-3.0
UnitedStates,-119.001,44.5002,1.0
UnitedStates,-119.247,36.7402,-4.0
UnitedStates,-119.318,37.1041,-2.0
UnitedStates,-119.746,36.17,0.0
UnitedStates,-119.814,39.5296,-2.0
UnitedStates,-119.956,39.0021,-1.0
UnitedStates,-120.499,38.0124,-2.0
UnitedStates,-120.501,47.5001,0.0
UnitedStates,-120.545,34.559,-2.0
UnitedStates,-120.857,35.2122,-4.0
UnitedStates,-121.021,39.4346,-4.0
UnitedStates,-121.287,37.9528,-2.0
UnitedStates,-121.508,38.5974,-4.0
UnitedStates,-121.538,36.8452,1.0
UnitedStates,-121.901,36.8,-1.0
UnitedStates,-122.127,44.5672,0.0
UnitedStates,-122.182,37.4538,-1.0
UnitedStates,-122.204,47.8601,4.0
UnitedStates,-122.244,38.0699,1.0
UnitedStates,-122.271,37.8044,-3.0
UnitedStates,-122.285,37.8313,-3.0
UnitedStates,-122.302,38.3144,-2.0
UnitedStates,-122.35,47.6688,1.0
UnitedStates,-122.353,47.6137,0.0
UnitedStates,-122.418,45.5001,-1.0
UnitedStates,-122.435,47.8332,-2.0
UnitedStates,-122.919,38.0119,4.0
UnitedStates,-123.035,41.779,-1.0
UnitedStates,-123.035,44.9429,0.0
UnitedStates,-123.115,44.9182,-4.0
UnitedStates,-123.168,43.3332,-1.0
UnitedStates,-123.468,43.3654,0.0
UnitedStates,-123.883,44.3816,1.0
UnitedStates,-136.329,58.2486,4.0
UnitedStates,-144.501,68.7506,-1.0
UnitedStates,-152.0,69.0,-2.0
UnitedStates,-157.156,21.2,3.0
UnitedStates,-157.17,64.8003,4.0
UnitedStates,-157.531,21.1098,-1.0
UnitedStates,-159.808,57.3264,0.0
UnitedStates,-69.3977,44.6074,0.0
UnitedStates,-70.2995,41.6357,-3.0
UnitedStates,-70.7259,42.1959,-1.0
UnitedStates,-70.8328,41.8334,0.0
UnitedStates,-71.0678,42.3587,0.0
UnitedStates,-71.1037,42.334,-4.0
UnitedStates,-71.3584,42.4651,2.0
UnitedStates,-71.3826,41.8787,1.0
UnitedStates,-71.5314,42.2373,0.0
UnitedStates,-71.9851,43.414,0.0
UnitedStates,-72.4159,40.8987,3.0
UnitedStates,-72.4262,41.0648,-2.0
UnitedStates,-72.5231,42.3804,-1.0
UnitedStates,-72.5745,42.2584,-1.0
UnitedStates,-72.662,40.917,-2.0
UnitedStates,-72.7093,44.0407,0.0
UnitedStates,-72.742,41.762,-1.0
UnitedStates,-72.7595,41.5584,0.0
UnitedStates,-72.7707,40.8112,3.0
UnitedStates,-73.2121,44.4759,1.0
UnitedStates,-73.6548,43.5573,3.0
UnitedStates,-73.9924,40.3043,0.0
UnitedStates,-74.0443,40.689,3.0
UnitedStates,-74.051,40.2962,3.0
UnitedStates,-74.3393,40.5343,1.0
UnitedStates,-74.7118,40.1462,-3.0
UnitedStates,-74.7799,41.3131,2.0
UnitedStates,-74.906,38.9351,-2.0
UnitedStates,-74.9384,42.1497,0.0
UnitedStates,-75.1638,39.9523,0.0
UnitedStates,-75.7116,39.8468,2.0
UnitedStates,-75.9341,36.6565,1.0
UnitedStates,-76.2852,36.8468,0.0
UnitedStates,-76.383,38.5168,0.0
UnitedStates,-76.7902,39.0724,0.0
UnitedStates,-76.9386,38.9859,-1.0
UnitedStates,-76.9978,38.9329,1.0
UnitedStates,-77.0003,38.889,0.0
UnitedStates,-77.025,38.8862,0.0
UnitedStates,-77.0262,38.8964,-1.0
UnitedStates,-77.038,38.899,3.0
UnitedStates,-77.0726,38.9073,0.0
UnitedStates,-77.264,40.5773,0.0
UnitedStates,-78.6386,35.7721,0.0
UnitedStates,-79.0,40.2504,-2.0
UnitedStates,-79.0086,34.6182,-2.0
UnitedStates,-79.4628,34.774,0.0
UnitedStates,-79.5331,38.7001,1.0
UnitedStates,-79.7625,36.4646,-3.0
UnitedStates,-79.9665,32.7668,0.0
UnitedStates,-80.0098,40.4412,-2.0
UnitedStates,-80.0364,26.7056,-1.0
UnitedStates,-80.13,25.7907,0.0
UnitedStates,-80.2684,25.7215,0.0
UnitedStates,-80.2787,25.7195,-1.0
UnitedStates,-80.4498,26.6503,-1.0
UnitedStates,-81.2414,42.149,-1.0
UnitedStates,-81.2498,37.7501,-8.0
UnitedStates,-81.2915,28.4586,1.0
UnitedStates,-81.4893,25.8684,2.0
UnitedStates,-81.6937,33.9529,0.0
UnitedStates,-81.717,27.8333,0.0
UnitedStates,-81.7787,26.3398,-6.0
UnitedStates,-81.8854,31.6074,-3.0
UnitedStates,-82.1948,28.4625,-1.0
UnitedStates,-82.3248,29.6516,4.0
UnitedStates,-82.394,34.8526,0.0
UnitedStates,-82.719,27.5142,-5.0
UnitedStates,-82.7899,40.7337,0.0
UnitedStates,-83.0458,42.3314,0.0
UnitedStates,-83.0687,35.8631,0.0
UnitedStates,-83.6666,41.6501,1.0
UnitedStates,-83.7263,42.2709,0.0
UnitedStates,-84.06,43.3534,-5.0
UnitedStates,-84.5038,39.1381,0.0
UnitedStates,-84.6514,37.669,0.0
UnitedStates,-84.7916,29.8747,1.0
UnitedStates,-85.1311,40.0636,2.0
UnitedStates,-85.15,38.4501,2.0
UnitedStates,-85.3097,35.0456,0.0
UnitedStates,-86.7489,35.7449,1.0
UnitedStates,-86.7844,36.1659,0.0
UnitedStates,-87.3001,44.9167,-1.0
UnitedStates,-87.4989,37.3281,-3.0
UnitedStates,-87.5295,41.7328,-2.0
UnitedStates,-87.6501,41.85,0.0
UnitedStates,-88.2315,43.0117,0.0
UnitedStates,-88.2434,40.1164,-1.0
UnitedStates,-88.4668,44.4167,-2.0
UnitedStates,-88.8334,48.0004,-2.0
UnitedStates,-89.0022,40.3363,0.0
UnitedStates,-89.2534,29.1511,-1.0
UnitedStates,-89.3898,41.8314,2.0
UnitedStates,-89.5168,41.4,1.0
UnitedStates,-89.6385,44.2563,-1.0
UnitedStates,-89.6437,39.8017,1.0
UnitedStates,-89.9501,43.45,2.0
UnitedStates,-90.3502,45.6833,-3.0
UnitedStates,-90.9235,42.8853,-2.0
UnitedStates,-91.0668,38.4334,1.0
UnitedStates,-91.865,47.9017,5.0
UnitedStates,-92.2896,34.7465,-2.0
UnitedStates,-92.302,38.4623,-1.0
UnitedStates,-93.1435,44.6402,0.0
UnitedStates,-93.214,42.0046,0.0
UnitedStates,-93.4266,30.4544,-1.0
UnitedStates,-93.7669,45.45,-2.0
UnitedStates,-93.9196,45.7326,-2.0
UnitedStates,-95.3633,29.7633,-1.0
UnitedStates,-95.4669,30.3169,0.0
UnitedStates,-95.5377,29.6186,7.0
UnitedStates,-96.0008,30.0008,0.0
UnitedStates,-96.21,28.5656,-1.0
UnitedStates,-96.492,38.6611,-2.0
UnitedStates,-96.578,33.9118,1.0
UnitedStates,-96.6158,32.6715,2.0
UnitedStates,-96.7003,43.55,2.0
UnitedStates,-96.9008,32.7849,-2.0
UnitedStates,-96.9247,35.5376,0.0
Uruguay,-56.0,-33.0,0.0
VaticanCity,12.45,41.9,-2.0
Vietnam,106.283,17.6,0.0
Yemen,48.0,15.0,0.0
Zambia,28.2833,-15.4167,-1.0
Zimbabwe,31.0447,-17.8178,-3.0
Zimbabwe,32.6236,-20.1883,0.0
Angola,16.9333,-12.3833,-3.0
Angola,18.5,-12.5,-2.0
Antarctica,32.3438,-85.6221,0.0
Argentina,-63.1655,-36.2658,-5.0
Argentina,-68.479,-33.1477,0.0
Armenia,45.3298,40.3886,-3.0
Australia,116.967,-32.7667,-1.0
Australia,118.3,-21.25,0.0
Australia,122.133,-17.5,0.0
Australia,126.85,-17.2667,1.0
Australia,130.817,-22.5667,0.0
Australia,132.833,-25.4667,1.0
Australia,133.065,-14.9213,0.0
Australia,144.26,-14.18,-2.0
Australia,145.56,-42.98,-1.0
Australia,145.717,-42.5667,-2.0
Australia,146.011,-17.5758,0.0
Australia,147.2,-36.554,0.0
Australia,147.392,-41.0005,0.0
Australia,147.914,-42.5018,0.0
Australia,148.067,-19.8833,0.0
Australia,148.335,-35.9985,-1.0
Australia,149.167,-35.3333,2.0
Australia,149.333,-23.65,-3.0
Australia,150.817,-34.4333,-4.0
Australia,151.101,-33.8318,-1.0
Australia,151.251,-32.3485,1.0
Australia,151.263,-33.8747,1.0
Australia,151.283,-33.3667,-3.0
Australia,153.542,-28.1756,-1.0
Bahamas,-77.35,25.0833,2.0
Bangladesh,88.7109,25.7484,-2.0
Bangladesh,89.1354,21.8745,0.0
Belarus,28.0,53.0,-4.0
Belgium,4.0,50.8333,-3.0
Bhutan,90.9833,26.8667,-2.0
Bolivia,-68.15,-16.5,-1.0
Botswana,24.0,-22.0,0.0
Brazil,-37.55,-7.58333,-5.0
Brazil,-47.9167,-15.7833,-2.0
Brazil,-72.7833,-8.96667,-5.0
Bulgaria,25.1,42.1667,-3.0
Cambodia,104.864,11.3996,1.0
Cambodia,105.0,13.0,1.0
Canada,-101.0,39.0,-4.0
Canada,-102.25,54.5833,1.0
Canada,-106.667,52.1333,-3.0
Canada,-108.5,59.55,-4.0
Canada,-112.28,55.0378,-2.0
Canada,-114.0,50.0,-1.0
Canada,-120.233,55.7667,-4.0
Canada,-120.7,53.6167,2.0
Canada,-123.133,49.25,0.0
Canada,-123.183,49.1333,-1.0
Canada,-123.417,48.4333,-5.0
Canada,-123.467,48.8167,0.0
Canada,-125.833,49.6667,0.0
Canada,-128.7,54.0,-1.0
Canada,-129.133,53.6667,0.0
Canada,-135.3,65.8167,0.0
Canada,-56.0333,49.75,-2.0
Canada,-64.7667,46.0833,2.0
Canada,-65.5167,45.7167,1.0
Canada,-66.2667,44.3333,0.0
Canada,-73.5833,45.5,-1.0
Canada,-80.9667,46.5,0.0
Canada,-95.0,60.0,-1.0
Canada,-95.4833,52.05,2.0
Canada,-97.1667,49.8833,3.0
Canada,-97.7167,52.15,0.0
CaymanIslands,-80.6667,19.5,-2.0
Chile,-72.7,-45.4,0.0
China,105.0,35.0,0.0
China,106.075,25.8083,3.0
China,107.777,34.4599,-3.0
China,116.274,27.7481,-1.0
China,121.458,31.2222,0.0
China,128.0,48.0,2.0
China,129.608,43.6182,-2.0
China,90.0,32.0,2.0
China,92.0,33.0,-1.0
China,96.9808,37.2344,0.0
CostaRica,-82.7833,9.6,-1.0
CostaRica,-84.0,10.0,-1.0
CostaRica,-84.8388,9.97615,-2.0
CostaRica,-87.0667,5.53333,-4.0
Cuba,-80.0,21.5,1.0
Cuba,-82.3642,23.1319,0.0
Cuba,-90.0,25.0,1.0
CzechRepublic,14.4003,49.9952,-1.0
CzechRepublic,14.4667,50.0833,2.0
Denmark,8.26553,56.5005,0.0
Dominica,-61.4,15.5,-1.0
DominicanRepublic,-69.8167,19.2167,-3.0
Ecuador,-78.5,-0.216667,0.0
Ecuador,-79.9,-2.16667,-1.0
Ecuador,-80.1167,-3.68333,0.0
Finland,24.9342,60.1756,2.0
France,-3.24315,48.5671,5.0
France,4.84511,43.3329,-2.0
France,5.73333,45.6333,-1.0
Gabon,11.75,-1.0,0.0
Gambia,-16.5667,13.4667,-8.0
Germany,10.0,53.55,0.0
Germany,11.7333,48.4,-3.0
Germany,13.4,52.5167,0.0
Germany,7.1,50.7333,-2.0
Ghana,-0.216667,5.55,-2.0
Greenland,-40.0,72.0,-2.0
Guam,145.096,13.2613,0.0
Haiti,-72.4167,19.0,0.0
Honduras,-86.5,15.0,-4.0
Honduras,-87.55,13.7833,-2.0
Honduras,-89.1167,14.6,-3.0
HongKong,113.941,22.2614,-2.0
Iceland,-18.0,65.0,1.0
India,71.1833,23.0167,-7.0
India,71.6833,22.7,-7.0
India,72.8258,18.975,-1.0
India,72.85,19.5167,-6.0
India,72.8667,19.05,-2.0
India,73.7667,18.4333,-1.0
India,75.0,14.0,0.0
India,75.8333,22.7167,-11.0
India,76.3167,32.2167,-3.0
India,76.5,10.0,0.0
India,76.9167,11.5167,-2.0
India,77.2167,28.6667,-4.0
India,77.25,31.9167,1.0
India,77.4,23.2667,-1.0
India,77.4333,28.6667,-1.0
India,77.55,28.5667,-1.0
India,78.0,11.0,0.0
India,79.95,23.1667,1.0
India,80.2833,13.0833,-3.0
India,80.45,16.3,1.0
India,85.65,19.8,2.0
India,91.7333,26.1833,0.0
India,92.25,25.5,-4.0
India,93.4667,26.6,0.0
India,95.7,28.7,0.0
Indonesia,105.933,-1.71667,0.0
Indonesia,106.55,-5.6,0.0
Indonesia,107.917,-2.83333,0.0
Indonesia,110.887,-7.0357,-4.0
Indonesia,95.5312,5.3672,-6.0
Iraq,42.3772,34.1348,-3.0
Iraq,43.4877,37.0921,-3.0
Ireland,-10.5333,51.7667,-1.0
Ireland,-8.0,53.0,0.0
Israel,34.75,31.5,0.0
Italy,12.4833,41.9,-1.0
Italy,9.2,45.4667,0.0
Japan,135.95,33.5833,-3.0
Jersey,-2.12585,49.1961,0.0
Jordan,36.0,31.0,-5.0
Kazakhstan,68.0,48.0,-2.0
Kenya,34.8167,-0.65,3.0
Kenya,35.7167,-0.166667,0.0
Kenya,35.8601,-1.07829,-10.0
Kenya,36.093,-0.35703,2.0
Kenya,36.2969,-0.836398,4.0
Kenya,36.8667,-1.28333,0.0
Kenya,38.0,1.0,-1.0
Kenya,38.1494,-3.00291,-1.0
Kenya,39.2758,-3.78298,0.0
Kenya,40.0713,-3.03566,-1.0
Kuwait,47.6581,29.3375,2.0
Lebanon,35.5097,33.8719,-7.0
Lesotho,28.2568,-30.012,-1.0
Liberia,-10.8047,6.31056,0.0
Luxembourg,6.11417,49.8486,-4.0
Luxembourg,6.1667,49.75,0.0
Madagascar,47.0,-20.0,0.0
Madagascar,47.5167,-18.9167,1.0
Malaysia,100.883,4.4,0.0
Malaysia,101.7,3.16667,-1.0
Malaysia,112.5,2.5,0.0
Malaysia,116.044,5.8471,-1.0
Malta,14.455,35.9003,1.0
Mauritius,57.55,-20.2833,-5.0
Mexico,-93.7833,16.4167,-4.0
Mexico,-99.1386,19.4342,-2.0
Mexico,-99.8206,24.4458,-3.0
Micronesia,158.0,7.0,-3.0
Mongolia,105.0,46.0,0.0
Mongolia,107.0,45.7833,-3.0
Mozambique,37.4967,-14.1989,-4.0
Myanmar,96.1297,19.745,6.0
Namibia,15.0,-23.0,3.0
Nepal,84.5,27.5833,4.0
Nepal,85.3167,27.7167,0.0
Netherlands,3.8408,51.3318,-1.0
Netherlands,5.75,52.5,-1.0
NewZealand,173.217,-35.2333,0.0
NewZealand,174.0,-41.0,0.0
NewZealand,174.583,-36.75,0.0
NewZealand,175.5,-38.0,-3.0
NewZealand,176.0,-39.0,1.0
Nicaragua,-85.0,13.0,0.0
Nigeria,5.23902,13.0609,0.0
Nigeria,7.44028,10.5231,0.0
Nigeria,8.0,10.0,-1.0
Norway,10.0,62.0,0.0
Pakistan,67.05,24.8667,0.0
Panama,-79.5333,8.96667,-3.0
Panama,-81.7942,7.46,2.0
Panama,-81.8333,8.73333,1.0
PapuaNewGuinea,145.797,-5.22465,0.0
Peru,-72.1031,-16.9978,-3.0
Peru,-76.5,-12.1,-3.0
Peru,-79.5156,-7.45611,-7.0
Peru,-79.7081,-5.15389,-3.0
Philippines,120.55,16.45,0.0
Philippines,120.592,15.4894,-2.0
Philippines,120.623,14.9483,1.0
Philippines,121.417,14.4622,-1.0
Philippines,122.904,10.323,-3.0
Philippines,123.337,13.3594,-8.0
Philippines,123.4,8.63333,-2.0
Philippines,123.417,10.4833,-1.0
Philippines,124.487,11.3697,-1.0
Philippines,124.676,9.12556,0.0
Philippines,124.995,12.6395,0.0
Philippines,125.0,8.75,0.0
Poland,21.0,52.25,-2.0
Portugal,-8.0,39.5,0.0
PuertoRico,-66.4838,18.2359,0.0
Romania,25.0,46.0,-1.0
Romania,27.2833,45.3167,0.0
Russia,100.0,60.0,-1.0
Russia,50.15,53.2,0.0
Russia,55.0,81.0,0.0
Russia,90.0,53.3333,-5.0
Rwanda,29.5624,-2.6257,-2.0
SaudiArabia,39.906,21.6891,0.0
SierraLeone,-13.2342,8.49,0.0
SouthAfrica,18.2728,-32.9002,-4.0
SouthAfrica,18.4167,-33.9167,2.0
SouthAfrica,26.0,-29.0,0.0
SouthAfrica,28.2294,-25.7069,-4.0
SouthAfrica,29.4551,-31.2895,-1.0
SouthAfrica,29.5667,-25.0167,-4.0
SouthAfrica,31.0167,-29.85,1.0
SouthAfrica,31.0532,-25.7884,1.0
SouthKorea,128.621,38.0739,-1.0
Spain,-15.4134,28.0997,-3.0
Spain,-5.15276,42.7077,1.0
Spain,-6.27969,36.5158,0.0
SriLanka,80.6356,7.2955,-3.0
SriLanka,81.0,7.0,1.0
Switzerland,6.14811,46.1956,0.0
Switzerland,6.75,46.5,1.0
Switzerland,8.9821,45.8674,1.0
Switzerland,9.38333,47.3,-2.0
Taiwan,121.0,23.5,-3.0
Tanzania,29.85,-5.21667,-2.0
Tanzania,39.2833,-6.8,-6.0
Thailand,100.0,15.0,-1.0
Thailand,102.257,15.1801,-2.0
Thailand,103.652,18.363,1.0
Thailand,104.147,17.1612,-1.0
Thailand,99.9989,13.3643,-2.0
TrinidadandTobago,-61.0,11.0,0.0
TrinidadandTobago,-61.3817,10.6057,1.0
Turkey,32.846,39.9121,-3.0
Turkey,36.5544,40.3139,-4.0
Turkmenistan,58.3833,37.95,4.0
Uganda,30.6582,-0.630583,-2.0
Ukraine,30.5167,50.4333,-5.0
UnitedArabEmirates,52.6013,24.3259,1.0
UnitedArabEmirates,55.28,25.2522,0.0
UnitedKingdom,-0.25,53.1667,5.0
UnitedKingdom,-0.45,51.4667,0.0
UnitedKingdom,-0.8,54.2,-5.0
UnitedKingdom,-2.21667,53.5,-2.0
UnitedKingdom,-2.58333,51.45,2.0
UnitedKingdom,-2.96667,53.4333,-3.0
UnitedKingdom,-3.0,55.15,-6.0
UnitedKingdom,-3.2,55.95,0.0
UnitedKingdom,-3.88333,50.35,3.0
UnitedKingdom,-4.0,56.5,0.0
UnitedKingdom,-4.23333,57.4667,-1.0
UnitedKingdom,-5.93333,54.5833,0.0
UnitedKingdom,-6.0,54.6667,-3.0
UnitedKingdom,-6.5,54.5,1.0
UnitedStates,-101.855,33.5779,2.0
UnitedStates,-104.714,36.0319,-1.0
UnitedStates,-104.82,41.14,-2.0
UnitedStates,-104.821,38.8339,-6.0
UnitedStates,-104.957,38.8597,-1.0
UnitedStates,-104.985,39.7392,0.0
UnitedStates,-105.327,39.0646,0.0
UnitedStates,-105.551,44.2505,-3.0
UnitedStates,-106.415,31.8665,5.0
UnitedStates,-106.597,39.0003,4.0
UnitedStates,-106.598,37.7258,-2.0
UnitedStates,-106.651,35.0845,0.0
UnitedStates,-107.238,36.8031,0.0
UnitedStates,-107.325,39.5505,0.0
UnitedStates,-107.817,37.2833,-4.0
UnitedStates,-107.959,36.0583,0.0
UnitedStates,-108.451,38.0167,-1.0
UnitedStates,-108.826,31.9998,-5.0
UnitedStates,-110.234,44.7666,-1.0
UnitedStates,-110.326,46.9048,0.0
UnitedStates,-110.631,32.5998,-4.0
UnitedStates,-111.827,41.3333,-2.0
UnitedStates,-111.854,40.1135,0.0
UnitedStates,-112.074,33.4484,0.0
UnitedStates,-113.837,35.0272,-4.0
UnitedStates,-113.994,46.8721,0.0
UnitedStates,-114.306,42.4321,0.0
UnitedStates,-114.51,44.2394,0.0
UnitedStates,-115.137,36.175,0.0
UnitedStates,-115.501,41.0002,-3.0
UnitedStates,-116.168,34.6667,-2.0
UnitedStates,-116.685,35.2628,-2.0
UnitedStates,-116.801,33.0334,0.0
UnitedStates,-117.359,34.5064,6.0
UnitedStates,-117.873,33.5981,0.0
UnitedStates,-118.267,34.0433,1.0
UnitedStates,-118.438,34.7044,-2.0
UnitedStates,-118.668,35.2961,0.0
UnitedStates,-118.68,46.3904,2.0
UnitedStates,-118.932,34.1203,2.0
UnitedStates,-119.682,34.0186,-1.0
UnitedStates,-119.772,36.7477,0.0
UnitedStates,-119.828,34.4358,0.0
UnitedStates,-119.834,36.6666,-2.0
UnitedStates,-120.001,34.25,-3.0
UnitedStates,-120.019,38.1681,-6.0
UnitedStates,-120.034,34.7333,-2.0
UnitedStates,-120.083,47.3076,-2.0
UnitedStates,-120.382,36.7536,-1.0
UnitedStates,-120.58,34.5844,-1.0
UnitedStates,-120.752,37.1666,0.0
UnitedStates,-121.084,36.6166,-2.0
UnitedStates,-121.216,37.7974,-4.0
UnitedStates,-121.251,45.1665,3.0
UnitedStates,-121.252,36.2505,1.0
UnitedStates,-121.494,38.5816,-1.0
UnitedStates,-121.521,38.5191,-2.0
UnitedStates,-121.681,36.655,-1.0
UnitedStates,-121.785,48.4665,-2.0
UnitedStates,-121.884,37.5999,-5.0
UnitedStates,-121.901,36.6183,2.0
UnitedStates,-122.123,40.0271,-2.0
UnitedStates,-122.166,37.4241,6.0
UnitedStates,-122.28,37.7083,-3.0
UnitedStates,-122.301,40.1332,-1.0
UnitedStates,-122.471,37.7547,0.0
UnitedStates,-122.613,48.5126,-2.0
UnitedStates,-122.709,42.1946,0.0
UnitedStates,-122.911,39.1646,-1.0
UnitedStates,-122.938,46.1382,0.0
UnitedStates,-122.954,46.7162,1.0
UnitedStates,-123.062,38.3505,3.0
UnitedStates,-123.431,48.1181,-4.0
UnitedStates,-123.585,42.4165,-3.0
UnitedStates,-123.656,41.7832,-4.0
UnitedStates,-123.924,46.1651,1.0
UnitedStates,-124.038,41.5265,-2.0
UnitedStates,-124.058,46.2443,0.0
UnitedStates,-124.113,46.9084,0.0
UnitedStates,-124.218,43.3665,1.0
UnitedStates,-149.626,60.1833,0.0
UnitedStates,-149.9,61.1667,0.0
UnitedStates,-152.268,61.385,0.0
UnitedStates,-156.311,20.9228,-1.0
UnitedStates,-166.542,53.8898,-1.0
UnitedStates,-67.3103,44.5723,-7.0
UnitedStates,-70.5992,43.249,-5.0
UnitedStates,-70.6731,41.5265,-6.0
UnitedStates,-70.6828,43.4668,0.0
UnitedStates,-70.9384,43.037,1.0
UnitedStates,-71.0598,42.3584,0.0
UnitedStates,-71.1151,42.3743,-3.0
UnitedStates,-71.1828,41.714,0.0
UnitedStates,-71.2165,43.1462,0.0
UnitedStates,-71.34,42.439,2.0
UnitedStates,-71.3495,42.2834,0.0
UnitedStates,-71.4169,44.1512,-2.0
UnitedStates,-71.5101,41.6772,0.0
UnitedStates,-71.5653,43.4108,0.0
UnitedStates,-71.7081,42.8873,2.0
UnitedStates,-72.807,41.5382,-1.0
UnitedStates,-72.881,41.0966,0.0
UnitedStates,-72.9282,41.3082,-4.0
UnitedStates,-73.1134,41.2182,-3.0
UnitedStates,-73.1761,44.0085,0.0
UnitedStates,-73.4037,43.5556,1.0
UnitedStates,-73.4285,41.0637,0.0
UnitedStates,-73.9465,41.2745,-4.0
UnitedStates,-73.9493,40.7626,-2.0
UnitedStates,-73.9524,40.8854,3.0
UnitedStates,-73.9613,40.809,-1.0
UnitedStates,-73.9662,40.7834,-1.0
UnitedStates,-74.4999,40.1671,3.0
UnitedStates,-74.5089,40.314,-1.0
UnitedStates,-74.7829,41.7001,4.0
UnitedStates,-75.1704,42.3442,-4.0
UnitedStates,-75.3041,38.9129,3.0
UnitedStates,-76.013,36.8421,0.0
UnitedStates,-76.4436,36.9415,-2.0
UnitedStates,-76.875,41.8754,-2.0
UnitedStates,-76.9364,39.7701,3.0
UnitedStates,-77.0178,38.8773,0.0
UnitedStates,-77.0364,38.8951,0.0
UnitedStates,-77.2453,40.2029,1.0
UnitedStates,-77.4603,37.5538,4.0
UnitedStates,-77.483,38.7001,-2.0
UnitedStates,-78.2057,37.768,1.0
UnitedStates,-78.4497,38.5007,5.0
UnitedStates,-78.5497,38.0335,-1.0
UnitedStates,-78.9831,33.9168,0.0
UnitedStates,-79.3602,38.2065,2.0
UnitedStates,-79.8431,35.6411,-1.0
UnitedStates,-79.9309,32.7766,4.0
UnitedStates,-79.9428,40.4412,0.0
UnitedStates,-79.9498,33.1835,1.0
UnitedStates,-80.1948,25.7657,-3.0
UnitedStates,-80.2934,25.7076,-5.0
UnitedStates,-80.4456,37.8018,0.0
UnitedStates,-80.454,32.7043,4.0
UnitedStates,-80.4831,26.1504,-1.0
UnitedStates,-80.7665,34.7001,0.0
UnitedStates,-80.9023,28.9889,-7.0
UnitedStates,-80.9696,38.468,0.0
UnitedStates,-81.0832,32.0016,2.0
UnitedStates,-81.3084,40.3234,0.0
UnitedStates,-81.4409,30.4827,3.0
UnitedStates,-81.7184,25.9412,-4.0
UnitedStates,-81.859,26.4251,-5.0
UnitedStates,-81.932,34.9496,0.0
UnitedStates,-82.0223,26.449,-4.0
UnitedStates,-82.2021,38.594,1.0
UnitedStates,-82.5668,35.3884,1.0
UnitedStates,-82.6995,27.8428,0.0
UnitedStates,-82.7755,40.3736,-1.0
UnitedStates,-83.4385,41.6412,1.0
UnitedStates,-83.4963,41.7942,-1.0
UnitedStates,-83.6666,35.2881,3.0
UnitedStates,-84.4069,30.4724,2.0
UnitedStates,-84.5163,39.1314,-7.0
UnitedStates,-84.5603,43.3504,0.0
UnitedStates,-85.1289,41.1306,2.0
UnitedStates,-86.2484,43.2342,0.0
UnitedStates,-86.2604,39.8647,0.0
UnitedStates,-86.4689,40.0673,0.0
UnitedStates,-87.5881,31.9796,1.0
UnitedStates,-87.6335,46.5333,0.0
UnitedStates,-87.7549,47.5272,-2.0
UnitedStates,-87.8445,42.1711,8.0
UnitedStates,-88.4668,43.7505,3.0
UnitedStates,-89.2503,29.1669,0.0
UnitedStates,-89.3523,32.3482,0.0
UnitedStates,-89.7668,43.9333,1.0
UnitedStates,-89.9367,29.1869,-2.0
UnitedStates,-90.0751,29.9546,0.0
UnitedStates,-90.4759,29.1497,0.0
UnitedStates,-91.3499,36.7859,2.0
UnitedStates,-91.5804,41.6764,3.0
UnitedStates,-91.6441,42.0083,0.0
UnitedStates,-91.8132,40.0862,-1.0
UnitedStates,-93.0551,48.4802,1.0
UnitedStates,-93.2688,44.295,0.0
UnitedStates,-93.2983,44.8408,-3.0
UnitedStates,-93.6091,41.6005,-2.0
UnitedStates,-93.7122,41.5797,2.0
UnitedStates,-93.9002,32.6335,1.0
UnitedStates,-94.9297,43.9388,2.0
UnitedStates,-95.1424,30.6458,-2.0
UnitedStates,-95.326,28.9377,0.0
UnitedStates,-95.3433,29.7208,-1.0
UnitedStates,-97.1331,33.2148,-4.0
UnitedStates,-97.5169,26.117,-1.0
UnitedStates,-97.6475,31.106,0.0
UnitedStates,-97.8003,30.3335,6.0
UnitedStates,-99.4632,44.2853,3.0
UnitedStates,0.0,0.0,1.0
Venezuela,-66.0,8.0,-1.0
Vietnam,105.85,21.0333,1.0
Vietnam,106.067,20.65,3.0
Vietnam,106.667,10.3333,3.0
Zambia,24.0833,-14.0333,-6.0
Zambia,28.1814,-15.7691,-2.0
Zambia,30.0,-15.0,1.0
Zambia,32.6039,-14.1883,0.0
Zimbabwe,28.4778,-20.4088,1.0
Zimbabwe,29.9841,-16.5272,-4.0
Zimbabwe,30.864,-16.4315,-2.0
Zimbabwe,31.5312,-17.7119,0.0
Zimbabwe,31.6605,-19.9735,-5.0
Algeria,3.05056,36.7631,-2.0
AntiguaandBarbuda,-61.8,17.05,0.0
Argentina,-58.6725,-34.5875,-1.0
Argentina,-64.0,-34.0,0.0
Australia,113.526,-23.8212,-1.0
Australia,115.75,-32.05,4.0
Australia,116.524,-31.7206,-5.0
Australia,132.7,-12.1333,0.0
Australia,133.0,-27.0,-1.0
Australia,134.0,-20.0,0.0
Australia,137.872,-22.5107,4.0
Australia,138.554,-35.2713,5.0
Australia,138.604,-34.9197,3.0
Australia,139.133,-35.05,0.0
Australia,144.25,-36.7333,-2.0
Australia,146.167,-43.35,1.0
Australia,146.264,-20.0767,3.0
Australia,146.833,-18.0,-2.0
Australia,148.8,-34.15,-2.0
Australia,148.952,-20.346,1.0
Australia,150.467,-31.25,-3.0
Australia,150.5,-27.5,-7.0
Australia,150.7,-35.1333,-1.0
Australia,151.356,-32.8321,-5.0
Australia,153.017,-27.5,0.0
Australia,153.033,-30.5,-3.0
Australia,153.433,-28.0,-2.0
Australia,159.05,-31.5167,2.0
Australia,159.083,-31.55,2.0
Austria,13.3333,47.3333,0.0
Austria,13.8333,46.75,-2.0
Austria,13.8667,47.9667,-1.0
Austria,16.3667,48.2,-2.0
Bahamas,-76.0,24.25,1.0
Bahamas,-77.4,25.0333,3.0
Bangladesh,90.0,24.0,0.0
Bangladesh,90.4086,23.7231,-3.0
Barbados,-59.6167,13.1,-3.0
Belize,-75.0,15.0,1.0
Belize,-88.1833,17.4833,-2.0
Belize,-88.75,17.25,-1.0
Bermuda,-64.7219,32.3306,0.0
Bermuda,-64.75,32.3333,1.0
Bolivia,-64.3833,-19.8,-2.0
Bolivia,-65.0,-17.0,0.0
Botswana,25.15,-17.8167,-6.0
Botswana,25.6667,-20.6667,-2.0
Botswana,27.0525,-20.483,-2.0
Brazil,-35.25,-5.91667,-3.0
Brazil,-35.9333,-5.98333,0.0
Brazil,-38.5167,-12.9833,1.0
Brazil,-40.8833,-12.4667,-3.0
Brazil,-43.4167,-20.2333,-6.0
Brazil,-46.2167,-1.6,-4.0
Brazil,-48.55,-20.55,1.0
Brazil,-54.25,-4.81667,-4.0
Bulgaria,23.3167,42.6833,0.0
BurkinaFaso,-2.0,13.0,0.0
Canada,-101.883,54.7667,-2.0
Canada,-102.383,52.85,-1.0
Canada,-103.0,54.5,-2.0
Canada,-110.228,54.5522,0.0
Canada,-123.067,49.3167,-2.0
Canada,-123.367,48.55,0.0
Canada,-126.817,50.55,-5.0
Canada,-128.533,52.5833,1.0
Canada,-59.7833,45.95,0.0
Canada,-63.1333,56.65,1.0
Canada,-63.5,46.3333,0.0
Canada,-66.3667,48.0667,2.0
Canada,-69.5,47.9167,0.0
Canada,-75.7,45.4167,-1.0
Canada,-79.4167,43.6667,-1.0
Canada,-80.5833,44.6,0.0
Canada,-81.0,42.0,-1.0
Canada,-82.4,42.9667,-3.0
Canada,-83.1333,42.0833,-2.0
Chad,20.7509,16.6836,-2.0
Chile,-70.6667,-33.45,-2.0
Chile,-71.0,-30.0,0.0
Chile,-72.9617,-41.3983,0.0
Chile,-74.0,-48.0,0.0
China,106.268,31.3481,-2.0
China,110.167,21.2597,2.0
China,113.25,23.1167,-1.0
China,114.872,38.9953,1.0
China,115.161,23.9886,0.0
China,116.391,39.9044,0.0
China,119.8,39.9667,1.0
China,119.855,33.3136,0.0
China,121.141,31.7867,-3.0
China,122.991,42.6835,3.0
Colombia,-76.5,3.75,3.0
Colombia,-78.7772,1.39333,-2.0
CookIslands,-161.004,-10.425,1.0
CostaRica,-82.6069,9.58991,0.0
CostaRica,-82.7533,9.65597,0.0
CostaRica,-83.0195,8.83087,-1.0
Denmark,10.0,57.3333,0.0
Denmark,12.5833,55.6667,0.0
Ethiopia,38.0,8.0,0.0
France,-1.6155,49.64,-5.0
France,-1.70904,47.3805,-3.0
France,2.0,46.0,-1.0
France,2.8971,42.6962,0.0
France,3.22237,43.3453,-3.0
France,5.86085,45.6476,-5.0
FrenchPolynesia,-140.0,-15.0,4.0
Germany,11.5833,48.15,-3.0
Germany,9.55,54.5167,-4.0
Ghana,-2.0,8.0,0.0
Gibraltar,-5.3667,36.1833,1.0
Gibraltar,-5.43333,36.15,0.0
Greece,22.0,39.0,-2.0
Greece,22.3333,37.3,0.0
Greece,24.5,41.5,4.0
Guatemala,-89.1333,15.4,0.0
Guatemala,-90.25,15.5,-1.0
Guernsey,-2.62573,49.4717,0.0
Honduras,-87.6333,13.65,-7.0
Honduras,-87.8,15.4,-1.0
HongKong,114.167,22.25,0.0
Iceland,-14.1,65.1167,0.0
India,72.6833,25.85,0.0
India,72.8031,18.9322,0.0
India,72.8106,18.9069,0.0
India,72.85,19.2333,0.0
India,73.15,21.0167,-7.0
India,73.4667,20.9167,1.0
India,73.75,15.5167,0.0
India,74.8353,12.8639,-2.0
India,74.8444,32.6806,-5.0
India,75.5697,24.5006,4.0
India,75.75,20.5333,2.0
India,76.6497,12.3072,0.0
India,76.9806,29.6161,0.0
India,77.0333,28.4667,-2.0
India,77.15,31.9,0.0
India,77.2,28.6,-5.0
India,77.5833,12.9833,0.0
India,77.7,28.9833,2.0
India,77.8833,29.8667,0.0
India,77.9,26.7,2.0
India,77.9333,22.7,0.0
India,78.05,27.1667,-2.0
India,78.4744,17.3753,-3.0
India,78.9333,13.65,-4.0
India,79.1,21.15,-2.0
India,79.83,11.93,3.0
India,79.9667,14.4333,-2.0
India,80.1106,12.9272,-2.0
India,80.9167,26.85,4.0
India,81.8833,25.5,-2.0
India,82.2,26.8,-2.0
India,83.0,25.3333,2.0
India,85.8333,20.2333,0.0
India,88.3833,22.4833,-4.0
India,88.45,22.7,-4.0
India,88.8,27.4167,2.0
India,95.65,27.35,0.0
Indonesia,100.434,-1.24718,-1.0
Indonesia,102.0,0.0,0.0
Indonesia,102.517,-1.1,-4.0
Indonesia,112.641,-7.9547,-2.0
Indonesia,120.0,-5.0,0.0
Indonesia,95.6358,5.2968,2.0
Indonesia,95.7398,4.5578,-1.0
Iran,53.0,32.0,-2.0
Iraq,44.0,33.0,-3.0
IsleofMan,-4.48333,54.15,-2.0
Israel,34.8367,32.1658,0.0
Israel,35.5575,31.7633,2.0
Italy,14.2167,42.4667,2.0
Japan,127.801,26.3358,-1.0
Japan,130.95,33.95,-3.0
Japan,135.75,35.0,0.0
Japan,138.0,36.0,0.0
Japan,139.751,35.685,-1.0
Kazakhstan,51.3667,51.2333,-6.0
Kazakhstan,65.5092,44.8528,1.0
Kazakhstan,76.95,43.25,1.0
Kazakhstan,79.55,46.8167,4.0
Kenya,36.6356,-0.385461,0.0
Kenya,36.8167,0.083333,0.0
Kenya,37.2833,-2.66667,0.0
Kenya,39.4521,-4.17375,0.0
Kenya,39.8034,-3.0092,-2.0
Kenya,40.8991,-2.26925,3.0
Kyrgyzstan,72.2171,41.3461,-5.0
Kyrgyzstan,80.0,42.0,-2.0
Laos,102.6,17.9667,2.0
Lebanon,35.5324,33.6504,-3.0
Lebanon,35.7991,34.1252,-6.0
Lebanon,35.8333,33.8333,0.0
Libya,17.0,25.0,-2.0
Madagascar,48.9665,-14.021,0.0
Madagascar,49.4265,-14.7324,0.0
Malaysia,104.067,2.2205,1.0
Malta,14.25,36.0494,0.0
Malta,14.3094,36.0361,1.0
Malta,14.3622,35.9564,2.0
Malta,14.5183,35.8922,0.0
Malta,14.565,35.8708,-1.0
Malta,14.5833,35.8333,0.0
Mexico,-103.333,20.6667,-5.0
Mexico,-105.197,24.5242,2.0
Mexico,-105.433,21.6,-5.0
Mexico,-108.1,27.3833,-3.0
Mexico,-117.017,32.5333,-1.0
Myanmar,97.5,26.0,3.0
Myanmar,97.6912,17.8329,-3.0
Myanmar,97.75,17.5,-3.0
Myanmar,98.0,22.0,2.0
Namibia,17.0,-22.0,0.0
Namibia,17.0836,-22.57,2.0
Nepal,81.9167,29.9167,0.0
Netherlands,5.66756,51.9733,-2.0
NewZealand,169.283,-43.7333,2.0
NewZealand,171.0,-43.0,3.0
NewZealand,175.633,-40.6,-3.0
NewZealand,175.717,-37.1,-2.0
Nicaragua,-86.2683,12.1508,-3.0
Nigeria,6.0,4.83333,-2.0
Nigeria,6.26417,4.92472,0.0
Nigeria,6.65471,4.37941,0.0
Nigeria,6.99861,4.78917,-2.0
Nigeria,7.53333,9.08333,-3.0
Nigeria,8.25082,11.4148,0.0
Norway,9.75,61.9167,1.0
Oman,57.0,21.0,1.0
Pakistan,71.5733,34.0078,0.0
Pakistan,73.0667,33.6,-1.0
Pakistan,73.1667,33.7,0.0
Pakistan,74.3196,31.5792,0.0
Panama,-80.45,7.5,3.0
Peru,-75.1936,-15.3678,1.0
Peru,-75.4017,-10.5775,0.0
Peru,-75.5333,-10.35,-3.0
Peru,-76.0,-10.0,-1.0
Peru,-80.4683,-4.58361,-5.0
Philippines,119.794,4.92278,0.0
Philippines,121.0,14.5833,1.0
Philippines,121.434,13.6992,1.0
Philippines,122.015,14.92,0.0
Philippines,123.0,10.4167,1.0
Poland,20.0,52.0,0.0
Russia,109.0,53.0,1.0
Russia,30.2642,59.8944,-2.0
Russia,37.4297,55.897,0.0
Russia,37.6156,55.7522,0.0
Russia,40.2333,52.3167,-4.0
Russia,54.9641,57.2682,2.0
Russia,55.7921,58.6298,4.0
Rwanda,30.0,-2.0,0.0
Rwanda,30.1525,-2.3408,2.0
Senegal,-17.6339,14.7367,-5.0
Singapore,103.8,1.3667,0.0
SouthAfrica,24.0,-29.0,-1.0
SouthAfrica,26.6704,-33.6842,-2.0
SouthAfrica,28.0833,-26.2,-4.0
SouthAfrica,28.25,-26.0833,-7.0
SouthAfrica,31.039,-29.5878,1.0
SouthAfrica,31.0471,-28.9449,-2.0
SouthAfrica,32.054,-28.7754,-4.0
SouthAfrica,32.2557,-27.8354,-2.0
SouthKorea,126.522,33.5097,1.0
SouthKorea,127.0,37.5664,-2.0
SouthSudan,30.0,8.0,1.0
SriLanka,79.8478,6.93194,-3.0
SriLanka,80.0329,7.0535,-2.0
SriLanka,80.45,5.93333,-2.0
SriLanka,81.6924,7.7102,-6.0
Swaziland,31.5,-26.5,-1.0
Sweden,15.0,62.0,0.0
Switzerland,8.0,47.0,0.0
Taiwan,119.57,23.57,0.0
Taiwan,121.532,25.0478,2.0
Taiwan,121.753,24.757,-2.0
Tanzania,33.45,-8.9,-8.0
Tanzania,35.9333,-3.6,-2.0
Tanzania,37.5,-3.16667,5.0
Tanzania,37.5,-9.0,-2.0
Thailand,100.084,20.3527,-2.0
Thailand,100.517,13.75,-4.0
Thailand,100.595,7.19882,-5.0
Thailand,102.1,15.0333,-5.0
Thailand,104.215,17.9651,-2.0
TrinidadandTobago,-61.25,10.7167,5.0
Turkey,28.9647,41.0186,0.0
Turkey,29.3333,40.5333,-3.0
Turkey,30.6745,36.922,-1.0
Turkey,32.873,39.9455,-13.0
Turkey,35.0,39.0,0.0
Turkmenistan,53.8385,38.0704,0.0
Uganda,31.3767,2.45843,-4.0
Uganda,32.4469,0.064444,-3.0
Uganda,32.5656,0.315556,-6.0
Ukraine,32.0,49.0,0.0
UnitedArabEmirates,54.0,24.0,0.0
UnitedKingdom,-0.083333,50.9167,1.0
UnitedKingdom,-0.116667,51.5,0.0
UnitedKingdom,-0.416667,51.5,-1.0
UnitedKingdom,-0.5,51.0167,0.0
UnitedKingdom,-1.3475,54.7622,0.0
UnitedKingdom,-1.5,50.9833,-2.0
UnitedKingdom,-1.5,54.1667,0.0
UnitedKingdom,-2.0,54.0,0.0
UnitedKingdom,-2.11667,53.25,0.0
UnitedKingdom,-2.15,52.2667,2.0
UnitedKingdom,-2.16667,51.8333,-4.0
UnitedKingdom,-2.26667,53.4833,1.0
UnitedKingdom,-2.66056,51.6133,-4.0
UnitedKingdom,-2.73056,51.0931,4.0
UnitedKingdom,-2.75,52.0833,-4.0
UnitedKingdom,-3.73333,56.0167,-5.0
UnitedKingdom,-4.45,57.3,-1.0
UnitedKingdom,-4.7,52.1167,0.0
UnitedKingdom,-4.91667,51.8333,-7.0
UnitedKingdom,-5.5,54.3667,0.0
UnitedKingdom,0.116667,52.2,0.0
UnitedKingdom,0.183333,51.2167,0.0
UnitedStates,-101.707,34.1848,0.0
UnitedStates,-102.24,47.7377,0.0
UnitedStates,-103.725,35.1717,0.0
UnitedStates,-105.002,39.745,0.0
UnitedStates,-105.084,40.5853,2.0
UnitedStates,-105.454,36.596,0.0
UnitedStates,-106.237,34.8375,0.0
UnitedStates,-106.416,48.0028,0.0
UnitedStates,-107.913,40.0394,-2.0
UnitedStates,-108.084,40.65,0.0
UnitedStates,-108.091,46.5186,0.0
UnitedStates,-108.151,35.6781,0.0
UnitedStates,-108.219,36.7281,0.0
UnitedStates,-109.267,47.3,0.0
UnitedStates,-109.428,47.0625,2.0
UnitedStates,-110.322,43.6475,2.0
UnitedStates,-110.872,37.2894,3.0
UnitedStates,-111.388,33.7712,0.0
UnitedStates,-111.856,33.3334,1.0
UnitedStates,-111.891,40.7608,0.0
UnitedStates,-112.548,41.1643,1.0
UnitedStates,-112.691,39.1559,0.0
UnitedStates,-114.461,42.563,-3.0
UnitedStates,-115.439,43.3121,-3.0
UnitedStates,-115.833,46.2441,2.0
UnitedStates,-115.984,36.2083,2.0
UnitedStates,-116.126,43.4166,-2.0
UnitedStates,-116.203,43.6135,-1.0
UnitedStates,-116.959,33.7839,3.0
UnitedStates,-117.157,32.7153,0.0
UnitedStates,-117.166,33.1434,0.0
UnitedStates,-117.253,32.8653,-2.0
UnitedStates,-117.29,34.1083,-2.0
UnitedStates,-117.919,33.6411,-4.0
UnitedStates,-117.929,33.6189,0.0
UnitedStates,-117.999,33.6603,-1.0
UnitedStates,-118.006,36.2819,-3.0
UnitedStates,-118.201,34.3667,-5.0
UnitedStates,-118.244,34.0522,-1.0
UnitedStates,-118.259,34.09,-2.0
UnitedStates,-118.293,36.5785,-3.0
UnitedStates,-118.343,46.0646,1.0
UnitedStates,-118.4,33.8622,2.0
UnitedStates,-118.408,48.8885,-2.0
UnitedStates,-119.232,34.2772,2.0
UnitedStates,-119.604,37.5152,4.0
UnitedStates,-119.901,38.0666,-2.0
UnitedStates,-119.98,34.5828,-3.0
UnitedStates,-120.189,36.6066,-1.0
UnitedStates,-120.417,46.9832,-1.0
UnitedStates,-121.372,38.4088,-4.0
UnitedStates,-121.706,37.6858,0.0
UnitedStates,-121.851,38.0666,-2.0
UnitedStates,-121.853,38.0633,-2.0
UnitedStates,-121.868,37.9833,-5.0
UnitedStates,-121.917,36.6177,3.0
UnitedStates,-121.981,45.3543,1.0
UnitedStates,-122.143,37.4419,0.0
UnitedStates,-122.17,37.4289,-1.0
UnitedStates,-122.224,38.5735,-1.0
UnitedStates,-122.23,48.0919,1.0
UnitedStates,-122.273,37.8716,0.0
UnitedStates,-122.311,47.6561,0.0
UnitedStates,-122.332,47.6062,0.0
UnitedStates,-122.351,37.4499,1.0
UnitedStates,-122.413,37.7063,1.0
UnitedStates,-122.419,37.7749,-1.0
UnitedStates,-122.518,41.5832,-1.0
UnitedStates,-122.676,45.5235,0.0
UnitedStates,-122.784,39.0999,-4.0
UnitedStates,-122.826,41.8612,-1.0
UnitedStates,-123.597,42.5696,-3.0
UnitedStates,-124.147,41.9282,-1.0
UnitedStates,-146.246,60.6931,0.0
UnitedStates,-149.9,61.2181,-2.0
UnitedStates,-150.25,60.1667,0.0
UnitedStates,-151.258,60.5544,0.0
UnitedStates,-157.858,21.3069,0.0
UnitedStates,-66.335,18.2766,-1.0
UnitedStates,-68.8281,44.4409,-2.0
UnitedStates,-69.1089,44.1037,-7.0
UnitedStates,-70.0328,41.7001,-1.0
UnitedStates,-70.2409,43.6415,0.0
UnitedStates,-70.4161,42.0334,-2.0
UnitedStates,-70.5931,42.6486,0.0
UnitedStates,-70.7906,44.9548,0.0
UnitedStates,-70.8414,43.0479,4.0
UnitedStates,-70.9111,41.8932,0.0
UnitedStates,-70.9342,41.6362,0.0
UnitedStates,-71.1198,42.4045,-1.0
UnitedStates,-71.155,41.7015,0.0
UnitedStates,-71.3673,41.497,-3.0
UnitedStates,-71.3887,41.4648,-1.0
UnitedStates,-71.407,41.7826,-2.0
UnitedStates,-71.5745,41.1918,0.0
UnitedStates,-71.8328,42.3334,3.0
UnitedStates,-72.1881,41.1843,1.0
UnitedStates,-72.5579,42.8509,3.0
UnitedStates,-72.5829,42.5834,0.0
UnitedStates,-72.7622,41.5834,1.0
UnitedStates,-73.0598,41.7712,-1.0
UnitedStates,-73.1162,44.0501,7.0
UnitedStates,-73.3415,44.5437,-2.0
UnitedStates,-73.4357,44.1839,3.0
UnitedStates,-73.5104,42.357,0.0
UnitedStates,-73.8553,40.8472,-2.0
UnitedStates,-73.8579,40.6893,2.0
UnitedStates,-73.9737,40.7809,1.0
UnitedStates,-74.0121,40.2204,-2.0
UnitedStates,-74.0879,40.8457,3.0
UnitedStates,-74.4443,40.4995,-2.0
UnitedStates,-74.5496,40.5668,0.0
UnitedStates,-74.6454,40.6807,0.0
UnitedStates,-74.7429,40.2171,-6.0
UnitedStates,-75.076,38.7209,2.0
UnitedStates,-75.5148,39.3498,0.0
UnitedStates,-75.568,38.0757,-1.0
UnitedStates,-75.733,38.1335,1.0
UnitedStates,-76.061,43.152,0.0
UnitedStates,-76.2719,39.039,-2.0
UnitedStates,-76.3941,42.9048,-2.0
UnitedStates,-76.4922,38.9784,0.0
UnitedStates,-76.6122,39.2904,0.0
UnitedStates,-76.6313,42.4345,0.0
UnitedStates,-76.6349,35.0849,0.0
UnitedStates,-76.7147,39.9507,1.0
UnitedStates,-77.1997,39.1501,3.0
UnitedStates,-77.5242,42.1634,1.0
UnitedStates,-79.0289,35.5749,0.0
UnitedStates,-79.3998,42.2506,1.0
UnitedStates,-79.9414,37.2343,1.0
UnitedStates,-80.0517,35.3618,-2.0
UnitedStates,-80.0848,32.6082,-3.0
UnitedStates,-80.1664,25.644,0.0
UnitedStates,-80.1873,40.2626,-5.0
UnitedStates,-80.1937,25.7743,0.0
UnitedStates,-80.3814,25.2404,-3.0
UnitedStates,-80.7492,28.292,2.0
UnitedStates,-80.9066,33.8191,0.0
UnitedStates,-80.9373,25.3129,4.0
UnitedStates,-81.0779,37.9543,-4.0
UnitedStates,-81.519,41.0814,1.0
UnitedStates,-81.6376,29.6486,-2.0
UnitedStates,-81.8831,26.567,0.0
UnitedStates,-82.0004,33.0668,0.0
UnitedStates,-82.0415,29.2497,-2.0
UnitedStates,-82.2073,31.9616,-3.0
UnitedStates,-82.3304,28.8358,-2.0
UnitedStates,-82.3804,28.0903,-1.0
UnitedStates,-82.5825,27.765,2.0
UnitedStates,-82.6773,27.4961,0.0
UnitedStates,-82.8088,40.0812,0.0
UnitedStates,-82.9988,39.9612,-2.0
UnitedStates,-83.2177,42.6759,-2.0
UnitedStates,-83.2785,30.8327,-2.0
UnitedStates,-83.3063,37.9373,0.0
UnitedStates,-83.3917,42.7764,3.0
UnitedStates,-83.9292,43.4233,1.0
UnitedStates,-84.2918,30.4408,-3.0
UnitedStates,-84.4375,45.6875,-2.0
UnitedStates,-84.4569,39.162,-1.0
UnitedStates,-84.7647,44.3147,-5.0
UnitedStates,-85.5314,40.8767,0.0
UnitedStates,-85.7594,38.2542,-3.0
UnitedStates,-86.158,39.7684,6.0
UnitedStates,-86.2831,43.2361,0.0
UnitedStates,-86.5264,39.7606,4.0
UnitedStates,-86.8073,32.799,0.0
UnitedStates,-87.1014,32.3168,-2.0
UnitedStates,-87.3389,41.5561,4.0
UnitedStates,-87.5031,44.4583,-1.0
UnitedStates,-87.5628,38.3567,3.0
UnitedStates,-87.5998,41.7898,-1.0
UnitedStates,-87.8501,42.3092,0.0
UnitedStates,-87.9065,43.0389,0.0
UnitedStates,-88.0198,44.5192,-2.0
UnitedStates,-88.2073,40.1106,-1.0
UnitedStates,-88.2485,30.4035,-3.0
UnitedStates,-88.2943,42.1656,-1.0
UnitedStates,-89.6812,32.7673,0.0
UnitedStates,-89.939,34.6545,4.0
UnitedStates,-90.6375,41.4912,-2.0
UnitedStates,-91.6721,30.2846,0.0
UnitedStates,-91.8749,31.1801,-1.0
UnitedStates,-92.1066,46.7833,1.0
UnitedStates,-92.3809,34.9513,0.0
UnitedStates,-92.4418,35.0993,0.0
UnitedStates,-92.6335,44.6108,0.0
UnitedStates,-93.2638,44.98,-1.0
UnitedStates,-93.2982,37.2153,0.0
UnitedStates,-93.4708,44.8547,-3.0
UnitedStates,-93.6519,41.6014,-3.0
UnitedStates,-94.0335,34.8668,-3.0
UnitedStates,-94.3502,36.9167,0.0
UnitedStates,-94.8119,48.0122,0.0
UnitedStates,-94.8656,45.9747,4.0
UnitedStates,-95.2477,38.9581,0.0
UnitedStates,-95.3898,45.6502,4.0
UnitedStates,-95.5691,29.0444,0.0
UnitedStates,-95.597,43.6283,1.0
UnitedStates,-95.983,28.5947,-1.0
UnitedStates,-96.8005,38.5111,1.0
UnitedStates,-96.8067,32.7831,-1.0
UnitedStates,-97.0,38.0,0.0
UnitedStates,-97.3375,37.6922,0.0
UnitedStates,-97.3964,27.8006,2.0
UnitedStates,-97.6336,26.467,0.0
UnitedStates,-97.9914,36.5631,-5.0
UnitedStates,-98.0336,30.0502,1.0
UnitedStates,-98.2883,41.1289,0.0
UnitedStates,-99.793,47.5362,0.0
Uruguay,-55.225,-34.37,-1.0
Uzbekistan,72.1833,41.0333,-5.0
Venezuela,-66.9167,10.5,-1.0
Vietnam,105.17,21.4067,-8.0
Vietnam,106.0,16.0,0.0
Vietnam,106.682,20.8561,-5.0
Zambia,23.1047,-13.5432,-7.0
Zimbabwe,26.4833,-18.3667,-4.0
Zimbabwe,26.8667,-17.9833,-3.0
Zimbabwe,27.1217,-18.9106,-3.0
Zimbabwe,28.8,-16.5167,-9.0
Zimbabwe,30.0,-20.0,-1.0
Zimbabwe,30.8277,-20.0637,-4.0